{
    "Price-CAT": {
        "Rates": [
            0.046865, 
            0.064239, 
            0.088055, 
            0.120699, 
            0.165445, 
            0.22678, 
            0.310853, 
            0.426094, 
            0.584057, 
            0.800583, 
            1.097379, 
            1.504205, 
            2.061853, 
            2.826234, 
            3.873992, 
            5.31018, 
            7.2788, 
            9.977238, 
            13.676055, 
            18.746119
        ], 
        "SiteCategories": [
            10, 
            8, 
            8, 
            12, 
            10, 
            11, 
            13, 
            10, 
            14, 
            8, 
            6, 
            1, 
            1, 
            7, 
            1, 
            3, 
            11, 
            13, 
            12, 
            12, 
            11, 
            7, 
            9, 
            7, 
            12, 
            9, 
            9, 
            10, 
            14, 
            11, 
            11, 
            13, 
            8, 
            14, 
            12, 
            3, 
            3, 
            14, 
            10, 
            10, 
            10, 
            11, 
            9, 
            7, 
            12, 
            8, 
            13, 
            6, 
            11, 
            11, 
            13, 
            10, 
            7, 
            9, 
            7, 
            13, 
            9, 
            11, 
            12, 
            4, 
            6, 
            12, 
            6, 
            1, 
            10, 
            14, 
            12, 
            12, 
            14, 
            12, 
            2, 
            17, 
            7, 
            3, 
            9, 
            13, 
            9, 
            12, 
            1, 
            7, 
            13, 
            1, 
            4, 
            8, 
            3, 
            12, 
            11, 
            11, 
            15, 
            13, 
            14, 
            12, 
            8, 
            12, 
            4, 
            5, 
            3, 
            7, 
            5, 
            1, 
            5, 
            7, 
            7, 
            6, 
            3, 
            7, 
            5, 
            14, 
            14, 
            14, 
            13, 
            9, 
            10, 
            6, 
            12, 
            3, 
            7, 
            2, 
            9, 
            6, 
            3, 
            11
        ], 
        "n_cats": 20
    }, 
    "empirical_frequencies": false, 
    "datatype": "AA", 
    "subs_model": "JTT", 
    "program": "FastTree Version 2.1.7 SSE3, OpenMP (16 threads)", 
    "ras_model": "Price-CAT"
}