{
    "Price-CAT": {
        "Rates": [
            0.047447, 
            0.065036, 
            0.089147, 
            0.122196, 
            0.167497, 
            0.229592, 
            0.314708, 
            0.431378, 
            0.591301, 
            0.810511, 
            1.110988, 
            1.52286, 
            2.087423, 
            2.861284, 
            3.922036, 
            5.376035, 
            7.369069, 
            10.100972, 
            13.845661, 
            18.978601
        ], 
        "SiteCategories": [
            1, 
            8, 
            7, 
            12, 
            10, 
            11, 
            13, 
            10, 
            14, 
            8, 
            5, 
            1, 
            1, 
            7, 
            1, 
            3, 
            10, 
            13, 
            11, 
            12, 
            10, 
            7, 
            10, 
            7, 
            11, 
            8, 
            9, 
            10, 
            14, 
            11, 
            11, 
            13, 
            7, 
            14, 
            12, 
            4, 
            3, 
            14, 
            10, 
            10, 
            10, 
            11, 
            10, 
            7, 
            13, 
            8, 
            13, 
            7, 
            11, 
            11, 
            13, 
            10, 
            7, 
            9, 
            8, 
            13, 
            10, 
            11, 
            12, 
            5, 
            6, 
            12, 
            6, 
            1, 
            10, 
            14, 
            13, 
            12, 
            14, 
            12, 
            1, 
            17, 
            6, 
            2, 
            9, 
            13, 
            9, 
            12, 
            1, 
            6, 
            13, 
            1, 
            5, 
            8, 
            3, 
            12, 
            11, 
            11, 
            15, 
            13, 
            14, 
            12, 
            8, 
            13, 
            4, 
            5, 
            3, 
            7, 
            5, 
            1, 
            5, 
            7, 
            7, 
            6, 
            2, 
            7, 
            4, 
            14, 
            14, 
            14, 
            12, 
            9, 
            9, 
            6, 
            11, 
            3, 
            6, 
            1, 
            9, 
            6, 
            4, 
            11
        ], 
        "n_cats": 20
    }, 
    "empirical_frequencies": false, 
    "datatype": "AA", 
    "subs_model": "JTT", 
    "program": "FastTree Version 2.1.10 SSE3, OpenMP (63 threads)", 
    "ras_model": "Price-CAT"
}