{
    "Price-CAT": {
        "Rates": [
            0.045797, 
            0.062775, 
            0.086047, 
            0.117947, 
            0.161673, 
            0.221609, 
            0.303765, 
            0.416379, 
            0.570741, 
            0.782329, 
            1.072359, 
            1.46991, 
            2.014843, 
            2.761796, 
            3.785666, 
            5.189108, 
            7.112844, 
            9.749758, 
            13.364243, 
            18.318708
        ], 
        "SiteCategories": [
            9, 
            2, 
            13, 
            14, 
            14, 
            14, 
            11, 
            9, 
            10, 
            12, 
            15, 
            15, 
            9, 
            15, 
            15, 
            13, 
            11, 
            13, 
            14, 
            14, 
            11, 
            14, 
            14, 
            12, 
            10, 
            15, 
            11, 
            15, 
            7, 
            14, 
            8, 
            12, 
            11, 
            5, 
            13, 
            12, 
            13, 
            2, 
            10, 
            8, 
            11, 
            2, 
            8, 
            5, 
            10, 
            5, 
            11, 
            7, 
            10, 
            12, 
            5, 
            11, 
            5, 
            12, 
            10, 
            12, 
            13, 
            6, 
            12, 
            14, 
            8, 
            11, 
            13, 
            15, 
            6, 
            11, 
            6, 
            2, 
            11, 
            9, 
            12, 
            13, 
            7, 
            13, 
            6, 
            10, 
            10, 
            5, 
            8, 
            6, 
            10, 
            3, 
            5, 
            10, 
            1, 
            11, 
            11, 
            9, 
            11, 
            8, 
            2, 
            12, 
            9, 
            5, 
            1, 
            5, 
            1, 
            12, 
            14, 
            12, 
            1, 
            11, 
            11, 
            2, 
            12, 
            9, 
            7, 
            8, 
            12, 
            12, 
            11, 
            9, 
            9, 
            1, 
            2, 
            7, 
            2, 
            1, 
            1, 
            9, 
            6, 
            11, 
            10, 
            14, 
            12, 
            10, 
            5, 
            1, 
            8, 
            11, 
            1, 
            1, 
            9, 
            8, 
            11, 
            1, 
            12, 
            11, 
            3, 
            5, 
            8, 
            8, 
            3, 
            5, 
            1, 
            7, 
            11, 
            10, 
            5, 
            12, 
            10, 
            10, 
            11, 
            12, 
            9, 
            1, 
            9, 
            6, 
            9, 
            9, 
            10, 
            8, 
            3, 
            11, 
            5, 
            15, 
            12, 
            8, 
            12, 
            8, 
            9, 
            12, 
            11, 
            7, 
            6, 
            13, 
            13, 
            11, 
            9, 
            9, 
            5, 
            6, 
            12, 
            11, 
            14, 
            12, 
            9
        ], 
        "n_cats": 20
    }, 
    "empirical_frequencies": false, 
    "datatype": "AA", 
    "subs_model": "JTT", 
    "program": "FastTree Version 2.1.10 SSE3, OpenMP (63 threads)", 
    "ras_model": "Price-CAT"
}