{
    "Price-CAT": {
        "Rates": [
            0.041106, 
            0.056345, 
            0.077233, 
            0.105865, 
            0.145112, 
            0.198909, 
            0.27265, 
            0.373728, 
            0.512279, 
            0.702193, 
            0.962514, 
            1.319343, 
            1.808458, 
            2.478899, 
            3.39789, 
            4.657575, 
            6.384258, 
            8.751066, 
            11.99531, 
            16.442278
        ], 
        "SiteCategories": [
            9, 
            9, 
            9, 
            9, 
            10, 
            10, 
            9, 
            10, 
            11, 
            8, 
            12, 
            11, 
            12, 
            8, 
            12, 
            10, 
            9, 
            10, 
            10, 
            9, 
            11, 
            10, 
            12, 
            11, 
            12, 
            11, 
            12, 
            12, 
            13, 
            13, 
            14, 
            14, 
            13, 
            12, 
            13, 
            13, 
            6, 
            9, 
            9, 
            10, 
            10, 
            11, 
            12, 
            1, 
            12, 
            12, 
            11, 
            7, 
            12, 
            12, 
            9, 
            12, 
            13, 
            12, 
            10, 
            13, 
            14, 
            10, 
            12, 
            9, 
            10, 
            9, 
            10, 
            8, 
            9, 
            8, 
            10, 
            6, 
            8, 
            10, 
            4, 
            12, 
            11, 
            10, 
            9, 
            13, 
            7, 
            1, 
            12, 
            13, 
            8, 
            8, 
            12, 
            12, 
            12, 
            9, 
            12, 
            10, 
            10, 
            5, 
            9, 
            3, 
            1, 
            7, 
            8, 
            10, 
            11, 
            9, 
            3, 
            10, 
            13, 
            12, 
            10, 
            13, 
            13, 
            13, 
            13, 
            11, 
            13, 
            14, 
            14, 
            9, 
            12, 
            6, 
            8, 
            8, 
            8, 
            11, 
            9, 
            11, 
            9, 
            13, 
            13, 
            7, 
            10, 
            8, 
            10, 
            9, 
            6, 
            6, 
            11, 
            11, 
            11, 
            13, 
            9, 
            10, 
            8, 
            14, 
            11, 
            13, 
            12, 
            10, 
            12, 
            11, 
            8, 
            10, 
            7, 
            11, 
            10, 
            10, 
            10, 
            13, 
            13, 
            11, 
            12, 
            12, 
            14, 
            12, 
            10, 
            13, 
            11, 
            8, 
            7, 
            12, 
            8, 
            3, 
            8, 
            9, 
            10, 
            9, 
            7, 
            10, 
            9, 
            10, 
            10, 
            9, 
            9, 
            9, 
            10, 
            9, 
            8, 
            7, 
            10, 
            10, 
            9, 
            10, 
            8, 
            11, 
            10, 
            10, 
            11, 
            8, 
            10, 
            10, 
            11, 
            10, 
            12, 
            8, 
            9, 
            9, 
            11, 
            11, 
            6, 
            10, 
            10, 
            12, 
            11, 
            11, 
            13, 
            11, 
            12, 
            10, 
            14, 
            10, 
            15, 
            11, 
            15, 
            14, 
            12, 
            15, 
            12, 
            15, 
            14, 
            12, 
            15, 
            11, 
            9, 
            11, 
            12, 
            12, 
            15, 
            13, 
            14, 
            12, 
            13, 
            12, 
            14, 
            10, 
            8, 
            13, 
            8, 
            6, 
            11, 
            8, 
            9
        ], 
        "n_cats": 20
    }, 
    "empirical_frequencies": false, 
    "datatype": "AA", 
    "subs_model": "JTT", 
    "program": "FastTree Version 2.1.7 SSE3, OpenMP (16 threads)", 
    "ras_model": "Price-CAT"
}