{
    "Price-CAT": {
        "Rates": [
            0.043468, 
            0.059582, 
            0.081671, 
            0.111949, 
            0.153451, 
            0.210339, 
            0.288317, 
            0.395203, 
            0.541715, 
            0.742543, 
            1.017823, 
            1.395156, 
            1.912376, 
            2.621342, 
            3.593141, 
            4.92521, 
            6.751112, 
            9.253922, 
            12.684588, 
            17.387089
        ], 
        "SiteCategories": [
            9, 
            9, 
            9, 
            9, 
            9, 
            9, 
            9, 
            9, 
            9, 
            9, 
            9, 
            7, 
            10, 
            10, 
            11, 
            10, 
            9, 
            10, 
            8, 
            8, 
            10, 
            11, 
            10, 
            10, 
            11, 
            11, 
            12, 
            11, 
            12, 
            13, 
            11, 
            13, 
            12, 
            12, 
            13, 
            14, 
            13, 
            7, 
            11, 
            11, 
            10, 
            8, 
            9, 
            9, 
            5, 
            10, 
            1, 
            11, 
            1, 
            1, 
            5, 
            5, 
            11, 
            9, 
            11, 
            12, 
            13, 
            5, 
            13, 
            10, 
            11, 
            7, 
            4, 
            1, 
            6, 
            10, 
            11, 
            9, 
            11, 
            11, 
            8, 
            10, 
            7, 
            10, 
            8, 
            11, 
            8, 
            10, 
            15, 
            13, 
            13, 
            7, 
            7, 
            7, 
            14, 
            7, 
            11, 
            7, 
            12, 
            9, 
            13, 
            12, 
            13, 
            12, 
            11, 
            12, 
            11, 
            12, 
            12, 
            12, 
            10, 
            10, 
            14, 
            13, 
            8, 
            9, 
            11, 
            12, 
            10, 
            9, 
            12, 
            11, 
            12, 
            10, 
            10, 
            10, 
            13, 
            12, 
            12, 
            1, 
            11, 
            10, 
            12, 
            14, 
            14, 
            14, 
            14, 
            15, 
            14, 
            14, 
            12, 
            5, 
            12, 
            13, 
            12, 
            13, 
            11, 
            13, 
            13, 
            7, 
            14, 
            13, 
            9, 
            12, 
            14, 
            9, 
            5, 
            8, 
            11, 
            7, 
            12, 
            8, 
            7, 
            1, 
            7, 
            1, 
            10, 
            9, 
            1, 
            11, 
            8, 
            5, 
            3, 
            10, 
            9, 
            7, 
            13, 
            8, 
            8, 
            9, 
            10, 
            10, 
            1, 
            3, 
            7, 
            6, 
            10, 
            9, 
            7, 
            1, 
            10, 
            9, 
            1, 
            5, 
            8, 
            5, 
            10, 
            10, 
            8, 
            10, 
            6, 
            9, 
            9, 
            6, 
            11, 
            7, 
            7, 
            10, 
            10, 
            6, 
            9, 
            1, 
            9, 
            10, 
            1, 
            13, 
            13, 
            12, 
            10, 
            4, 
            11, 
            10, 
            7, 
            7, 
            12, 
            11, 
            10, 
            11, 
            10, 
            8, 
            14, 
            12, 
            11, 
            9, 
            11, 
            12, 
            10, 
            11, 
            9, 
            1, 
            8, 
            10, 
            4, 
            1, 
            11, 
            12, 
            9, 
            11, 
            12, 
            9, 
            13, 
            10, 
            11, 
            11, 
            9, 
            11, 
            6, 
            13, 
            14, 
            13, 
            15, 
            14, 
            14, 
            14, 
            15, 
            13, 
            14, 
            13, 
            14, 
            13, 
            13, 
            14, 
            14, 
            13, 
            13, 
            13, 
            12, 
            14, 
            13, 
            7, 
            12, 
            9, 
            11, 
            10, 
            9, 
            9, 
            9, 
            9, 
            9, 
            9
        ], 
        "n_cats": 20
    }, 
    "empirical_frequencies": false, 
    "datatype": "AA", 
    "subs_model": "JTT", 
    "program": "FastTree Version 2.1.7 SSE3, OpenMP (16 threads)", 
    "ras_model": "Price-CAT"
}