{
    "Price-CAT": {
        "Rates": [
            0.048051, 
            0.065865, 
            0.090283, 
            0.123753, 
            0.169631, 
            0.232517, 
            0.318717, 
            0.436874, 
            0.598834, 
            0.820838, 
            1.125143, 
            1.542263, 
            2.114019, 
            2.89774, 
            3.972006, 
            5.44453, 
            7.462957, 
            10.229667, 
            14.022066, 
            19.220404
        ], 
        "SiteCategories": [
            1, 
            11, 
            10, 
            10, 
            12, 
            13, 
            10, 
            6, 
            10, 
            7, 
            10, 
            10, 
            9, 
            1, 
            12, 
            10, 
            10, 
            12, 
            11, 
            11, 
            12, 
            14, 
            13, 
            11, 
            11, 
            13, 
            14, 
            6, 
            11, 
            9, 
            11, 
            1, 
            13, 
            14, 
            13, 
            13, 
            14, 
            13, 
            14, 
            10, 
            1, 
            1, 
            3, 
            11, 
            14, 
            1, 
            10, 
            10, 
            5, 
            11, 
            6, 
            8, 
            12, 
            6, 
            5, 
            6, 
            9, 
            7, 
            11, 
            13, 
            8, 
            3, 
            14, 
            11, 
            5, 
            5, 
            10, 
            6, 
            13, 
            9, 
            13, 
            13, 
            13, 
            14, 
            9, 
            14, 
            7, 
            12, 
            11, 
            10, 
            6, 
            2, 
            1, 
            2, 
            3, 
            1, 
            10, 
            8, 
            9, 
            6, 
            5, 
            7, 
            12, 
            14, 
            9, 
            14, 
            6, 
            7, 
            11, 
            9, 
            11, 
            5, 
            7, 
            13, 
            7, 
            7, 
            13, 
            11, 
            12, 
            15, 
            11, 
            7, 
            12, 
            16, 
            13, 
            15, 
            11, 
            9, 
            16, 
            16, 
            11, 
            11, 
            9, 
            11, 
            14, 
            1, 
            3, 
            12, 
            10, 
            12, 
            10, 
            14, 
            13, 
            9, 
            1, 
            10, 
            1, 
            9, 
            13, 
            12, 
            5, 
            8, 
            11, 
            1, 
            12, 
            13, 
            11, 
            9, 
            11, 
            1, 
            9, 
            9, 
            13, 
            9, 
            1, 
            9, 
            2, 
            1, 
            13, 
            12, 
            9, 
            7, 
            11, 
            10, 
            7, 
            9, 
            10, 
            12, 
            14, 
            12, 
            9, 
            11, 
            12, 
            8, 
            9, 
            10, 
            1, 
            8, 
            5, 
            11, 
            3, 
            12, 
            11, 
            12, 
            14, 
            14, 
            8, 
            12, 
            2, 
            8, 
            12, 
            1, 
            11, 
            7, 
            7, 
            1, 
            13, 
            10, 
            9, 
            12, 
            7, 
            12, 
            12, 
            13, 
            5, 
            1, 
            1, 
            1, 
            7, 
            13, 
            5, 
            10, 
            13, 
            6, 
            13, 
            7, 
            2, 
            10, 
            7, 
            1, 
            5, 
            7, 
            9, 
            2, 
            1, 
            5, 
            10, 
            2, 
            1, 
            1, 
            5, 
            1, 
            1, 
            1, 
            3, 
            3, 
            11, 
            9, 
            8, 
            9, 
            7, 
            8, 
            10, 
            4, 
            10, 
            9, 
            5, 
            10, 
            2, 
            12, 
            10, 
            9, 
            8, 
            4, 
            13, 
            8, 
            1, 
            2, 
            13, 
            13, 
            11, 
            8, 
            14, 
            7, 
            12, 
            13, 
            13, 
            1, 
            11, 
            9, 
            10, 
            6, 
            12, 
            1
        ], 
        "n_cats": 20
    }, 
    "empirical_frequencies": false, 
    "datatype": "AA", 
    "subs_model": "JTT", 
    "program": "FastTree Version 2.1.10 SSE3, OpenMP (63 threads)", 
    "ras_model": "Price-CAT"
}