{
    "Price-CAT": {
        "Rates": [
            0.048832, 
            0.066936, 
            0.091751, 
            0.125765, 
            0.172389, 
            0.236298, 
            0.3239, 
            0.443978, 
            0.608572, 
            0.834185, 
            1.143439, 
            1.567342, 
            2.148395, 
            2.94486, 
            4.036595, 
            5.533064, 
            7.584313, 
            10.396013, 
            14.250081, 
            19.532951
        ], 
        "SiteCategories": [
            7, 
            12, 
            1, 
            1, 
            1, 
            7, 
            5, 
            9, 
            11, 
            9, 
            9, 
            14, 
            11, 
            6, 
            13, 
            10, 
            5, 
            11, 
            10, 
            13, 
            12, 
            14, 
            13, 
            12, 
            14, 
            11, 
            12, 
            8, 
            8, 
            2, 
            11, 
            8, 
            5, 
            12, 
            9, 
            13, 
            11, 
            14, 
            12, 
            12, 
            14, 
            13, 
            9, 
            14, 
            12, 
            15, 
            14, 
            13, 
            14, 
            13, 
            14, 
            12, 
            14, 
            10, 
            14, 
            9, 
            12, 
            12, 
            12, 
            13, 
            11, 
            14, 
            11, 
            11, 
            9, 
            11, 
            7, 
            1, 
            4, 
            10, 
            4, 
            9, 
            9, 
            11, 
            12, 
            4, 
            7, 
            10, 
            14, 
            1, 
            3, 
            10, 
            14, 
            4, 
            11, 
            12, 
            10, 
            12, 
            5, 
            10, 
            8, 
            10, 
            2, 
            4, 
            1, 
            6, 
            6, 
            6, 
            11, 
            11, 
            11, 
            7, 
            13, 
            13, 
            9, 
            10, 
            8, 
            11, 
            8, 
            1, 
            11, 
            1, 
            5, 
            9, 
            8, 
            13, 
            12, 
            14, 
            10, 
            8, 
            14, 
            9, 
            10, 
            12, 
            10, 
            12, 
            9, 
            10, 
            11, 
            11, 
            7, 
            11, 
            10, 
            12, 
            10, 
            12, 
            5, 
            11, 
            8, 
            6, 
            7, 
            13, 
            6, 
            2, 
            8, 
            10, 
            4, 
            5, 
            10, 
            7, 
            3, 
            12, 
            11, 
            4, 
            11, 
            5, 
            2, 
            5, 
            1, 
            4, 
            3, 
            1, 
            1, 
            8, 
            8, 
            5, 
            12, 
            11, 
            1, 
            13, 
            9, 
            9, 
            8, 
            1, 
            7, 
            4, 
            1, 
            8, 
            3, 
            4
        ], 
        "n_cats": 20
    }, 
    "empirical_frequencies": false, 
    "datatype": "AA", 
    "subs_model": "JTT", 
    "program": "FastTree Version 2.1.10 SSE3, OpenMP (63 threads)", 
    "ras_model": "Price-CAT"
}