{
    "Price-CAT": {
        "Rates": [
            0.041284, 
            0.056589, 
            0.077568, 
            0.106324, 
            0.145741, 
            0.199771, 
            0.273832, 
            0.375348, 
            0.514499, 
            0.705238, 
            0.966687, 
            1.325063, 
            1.816298, 
            2.489645, 
            3.412621, 
            4.677767, 
            6.411935, 
            8.789003, 
            12.047312, 
            16.513559
        ], 
        "SiteCategories": [
            9, 
            9, 
            9, 
            9, 
            10, 
            10, 
            9, 
            10, 
            11, 
            8, 
            12, 
            11, 
            12, 
            8, 
            12, 
            10, 
            9, 
            10, 
            10, 
            9, 
            11, 
            10, 
            12, 
            11, 
            12, 
            11, 
            12, 
            12, 
            13, 
            13, 
            14, 
            14, 
            13, 
            12, 
            13, 
            13, 
            6, 
            9, 
            8, 
            10, 
            10, 
            11, 
            12, 
            1, 
            12, 
            12, 
            11, 
            7, 
            12, 
            12, 
            9, 
            12, 
            13, 
            12, 
            10, 
            13, 
            14, 
            10, 
            12, 
            9, 
            10, 
            9, 
            10, 
            8, 
            9, 
            8, 
            10, 
            6, 
            8, 
            10, 
            4, 
            12, 
            11, 
            10, 
            9, 
            13, 
            7, 
            1, 
            12, 
            13, 
            8, 
            8, 
            12, 
            12, 
            12, 
            9, 
            12, 
            10, 
            10, 
            5, 
            9, 
            3, 
            1, 
            7, 
            8, 
            10, 
            11, 
            9, 
            3, 
            10, 
            13, 
            12, 
            10, 
            13, 
            13, 
            13, 
            13, 
            11, 
            13, 
            14, 
            14, 
            9, 
            12, 
            6, 
            8, 
            8, 
            8, 
            11, 
            9, 
            11, 
            9, 
            13, 
            13, 
            7, 
            10, 
            8, 
            10, 
            9, 
            6, 
            6, 
            11, 
            11, 
            11, 
            13, 
            9, 
            10, 
            8, 
            14, 
            11, 
            13, 
            12, 
            10, 
            12, 
            11, 
            8, 
            10, 
            7, 
            11, 
            10, 
            10, 
            10, 
            13, 
            13, 
            11, 
            12, 
            12, 
            14, 
            12, 
            10, 
            13, 
            11, 
            8, 
            7, 
            12, 
            8, 
            3, 
            8, 
            9, 
            10, 
            9, 
            7, 
            10, 
            9, 
            10, 
            10, 
            9, 
            9, 
            9, 
            10, 
            9, 
            8, 
            7, 
            10, 
            10, 
            9, 
            10, 
            8, 
            11, 
            10, 
            10, 
            11, 
            8, 
            10, 
            10, 
            11, 
            10, 
            12, 
            8, 
            9, 
            9, 
            11, 
            11, 
            6, 
            10, 
            10, 
            12, 
            11, 
            11, 
            13, 
            11, 
            12, 
            10, 
            14, 
            10, 
            15, 
            11, 
            15, 
            14, 
            12, 
            15, 
            12, 
            15, 
            14, 
            12, 
            14, 
            11, 
            9, 
            11, 
            12, 
            12, 
            15, 
            13, 
            14, 
            12, 
            13, 
            12, 
            14, 
            10, 
            8, 
            13, 
            8, 
            6, 
            11, 
            8, 
            9
        ], 
        "n_cats": 20
    }, 
    "empirical_frequencies": false, 
    "datatype": "AA", 
    "subs_model": "JTT", 
    "program": "FastTree Version 2.1.7 SSE3, OpenMP (16 threads)", 
    "ras_model": "Price-CAT"
}