{
    "Price-CAT": {
        "Rates": [
            0.047966, 
            0.065749, 
            0.090123, 
            0.123534, 
            0.169332, 
            0.232107, 
            0.318155, 
            0.436104, 
            0.597779, 
            0.819391, 
            1.12316, 
            1.539544, 
            2.110292, 
            2.892631, 
            3.965003, 
            5.434931, 
            7.4498, 
            10.211632, 
            13.997345, 
            19.18652
        ], 
        "SiteCategories": [
            7, 
            12, 
            1, 
            1, 
            1, 
            7, 
            5, 
            9, 
            11, 
            9, 
            9, 
            14, 
            11, 
            6, 
            13, 
            10, 
            5, 
            12, 
            10, 
            13, 
            12, 
            14, 
            13, 
            12, 
            15, 
            11, 
            12, 
            8, 
            8, 
            3, 
            11, 
            9, 
            6, 
            12, 
            9, 
            13, 
            12, 
            14, 
            13, 
            12, 
            14, 
            13, 
            9, 
            14, 
            11, 
            15, 
            14, 
            13, 
            14, 
            13, 
            14, 
            12, 
            14, 
            10, 
            14, 
            9, 
            13, 
            12, 
            12, 
            12, 
            11, 
            14, 
            11, 
            11, 
            9, 
            11, 
            7, 
            2, 
            4, 
            10, 
            5, 
            9, 
            9, 
            11, 
            12, 
            4, 
            7, 
            9, 
            14, 
            1, 
            3, 
            10, 
            14, 
            3, 
            11, 
            12, 
            9, 
            12, 
            6, 
            10, 
            7, 
            10, 
            2, 
            5, 
            1, 
            6, 
            6, 
            6, 
            11, 
            11, 
            11, 
            7, 
            13, 
            13, 
            9, 
            10, 
            8, 
            11, 
            8, 
            1, 
            11, 
            2, 
            5, 
            9, 
            8, 
            13, 
            11, 
            14, 
            10, 
            8, 
            14, 
            9, 
            10, 
            12, 
            10, 
            12, 
            9, 
            10, 
            11, 
            11, 
            8, 
            11, 
            10, 
            12, 
            10, 
            12, 
            6, 
            11, 
            9, 
            6, 
            7, 
            13, 
            6, 
            3, 
            9, 
            10, 
            4, 
            5, 
            11, 
            7, 
            3, 
            12, 
            11, 
            5, 
            12, 
            5, 
            3, 
            5, 
            2, 
            4, 
            2, 
            1, 
            1, 
            8, 
            8, 
            6, 
            12, 
            11, 
            1, 
            13, 
            9, 
            10, 
            8, 
            1, 
            7, 
            4, 
            1, 
            8, 
            3, 
            6
        ], 
        "n_cats": 20
    }, 
    "empirical_frequencies": false, 
    "datatype": "AA", 
    "subs_model": "JTT", 
    "program": "FastTree Version 2.1.7 SSE3, OpenMP (16 threads)", 
    "ras_model": "Price-CAT"
}