{
    "Price-CAT": {
        "Rates": [
            0.047517, 
            0.065133, 
            0.08928, 
            0.122378, 
            0.167747, 
            0.229935, 
            0.315177, 
            0.432022, 
            0.592183, 
            0.811721, 
            1.112647, 
            1.525133, 
            2.090539, 
            2.865556, 
            3.927891, 
            5.38406, 
            7.380069, 
            10.116051, 
            13.866329, 
            19.006931
        ], 
        "SiteCategories": [
            1, 
            8, 
            1, 
            6, 
            10, 
            13, 
            11, 
            13, 
            11, 
            7, 
            13, 
            12, 
            13, 
            12, 
            1, 
            10, 
            12, 
            11, 
            13, 
            9, 
            13, 
            12, 
            9, 
            10, 
            8, 
            9, 
            10, 
            6, 
            11, 
            12, 
            3, 
            15, 
            11, 
            1, 
            5, 
            7, 
            10, 
            13, 
            7, 
            10, 
            14, 
            8, 
            10, 
            8, 
            14, 
            7, 
            12, 
            14, 
            15, 
            12, 
            14, 
            15, 
            11, 
            12, 
            14, 
            14, 
            13, 
            12, 
            13, 
            13, 
            12, 
            9, 
            12, 
            14, 
            5, 
            12, 
            13, 
            6, 
            11, 
            10, 
            1, 
            13, 
            9, 
            4, 
            5, 
            8, 
            7, 
            5, 
            4, 
            7, 
            4, 
            1, 
            7, 
            6, 
            5, 
            4, 
            5, 
            4, 
            11, 
            7, 
            6, 
            10, 
            13, 
            14, 
            2, 
            9, 
            12, 
            9, 
            8, 
            9, 
            10, 
            6, 
            8, 
            12, 
            10, 
            15, 
            12, 
            11, 
            10, 
            14, 
            7, 
            11, 
            7, 
            11, 
            10, 
            7, 
            14, 
            13, 
            10, 
            6, 
            8, 
            12, 
            1, 
            11, 
            14, 
            8, 
            2, 
            12, 
            10, 
            11, 
            10, 
            4, 
            12, 
            9, 
            10, 
            8, 
            8, 
            8, 
            9, 
            8, 
            9, 
            4, 
            10, 
            4, 
            1, 
            9, 
            5, 
            1, 
            9, 
            1, 
            3, 
            6, 
            1, 
            10, 
            4, 
            8
        ], 
        "n_cats": 20
    }, 
    "empirical_frequencies": false, 
    "datatype": "AA", 
    "subs_model": "JTT", 
    "program": "FastTree Version 2.1.7 SSE3, OpenMP (16 threads)", 
    "ras_model": "Price-CAT"
}