{
    "Price-CAT": {
        "Rates": [
            0.042378, 
            0.058088, 
            0.079623, 
            0.109141, 
            0.149602, 
            0.205064, 
            0.281086, 
            0.385292, 
            0.52813, 
            0.723921, 
            0.992298, 
            1.360168, 
            1.864417, 
            2.555604, 
            3.503031, 
            4.801695, 
            6.581806, 
            9.021851, 
            12.366482, 
            16.951054
        ], 
        "SiteCategories": [
            9, 
            9, 
            9, 
            9, 
            9, 
            9, 
            9, 
            9, 
            9, 
            9, 
            9, 
            9, 
            9, 
            9, 
            9, 
            9, 
            9, 
            9, 
            9, 
            10, 
            9, 
            10, 
            10, 
            10, 
            11, 
            11, 
            12, 
            11, 
            13, 
            13, 
            12, 
            14, 
            12, 
            13, 
            13, 
            14, 
            13, 
            7, 
            11, 
            11, 
            10, 
            8, 
            9, 
            9, 
            5, 
            10, 
            1, 
            11, 
            1, 
            1, 
            5, 
            5, 
            11, 
            8, 
            11, 
            12, 
            13, 
            5, 
            13, 
            10, 
            12, 
            7, 
            4, 
            1, 
            6, 
            10, 
            11, 
            9, 
            11, 
            11, 
            8, 
            10, 
            7, 
            10, 
            8, 
            11, 
            7, 
            10, 
            15, 
            13, 
            13, 
            7, 
            7, 
            6, 
            14, 
            7, 
            11, 
            7, 
            12, 
            9, 
            13, 
            12, 
            13, 
            12, 
            11, 
            12, 
            11, 
            12, 
            12, 
            12, 
            11, 
            11, 
            14, 
            13, 
            8, 
            9, 
            11, 
            12, 
            10, 
            9, 
            12, 
            11, 
            12, 
            10, 
            10, 
            10, 
            13, 
            12, 
            12, 
            1, 
            11, 
            11, 
            12, 
            14, 
            14, 
            14, 
            14, 
            15, 
            13, 
            14, 
            12, 
            5, 
            12, 
            13, 
            12, 
            13, 
            11, 
            13, 
            13, 
            7, 
            14, 
            13, 
            9, 
            12, 
            14, 
            9, 
            5, 
            8, 
            11, 
            7, 
            12, 
            8, 
            7, 
            1, 
            7, 
            1, 
            10, 
            9, 
            1, 
            10, 
            8, 
            6, 
            3, 
            9, 
            9, 
            8, 
            13, 
            8, 
            8, 
            9, 
            10, 
            10, 
            1, 
            3, 
            7, 
            5, 
            10, 
            8, 
            7, 
            2, 
            10, 
            9, 
            1, 
            5, 
            8, 
            5, 
            10, 
            9, 
            8, 
            10, 
            5, 
            8, 
            9, 
            6, 
            10, 
            7, 
            7, 
            10, 
            10, 
            6, 
            9, 
            1, 
            9, 
            10, 
            1, 
            13, 
            13, 
            12, 
            10, 
            4, 
            11, 
            10, 
            7, 
            7, 
            12, 
            11, 
            10, 
            11, 
            10, 
            8, 
            14, 
            12, 
            11, 
            9, 
            10, 
            11, 
            10, 
            11, 
            10, 
            1, 
            8, 
            10, 
            3, 
            1, 
            11, 
            11, 
            9, 
            11, 
            12, 
            9, 
            12, 
            10, 
            11, 
            11, 
            9, 
            11, 
            5, 
            13, 
            14, 
            14, 
            15, 
            13, 
            15, 
            15, 
            15, 
            14, 
            14, 
            14, 
            14, 
            14, 
            14, 
            15, 
            14, 
            14, 
            13, 
            13, 
            13, 
            14, 
            14, 
            7, 
            12, 
            10, 
            12, 
            11, 
            9, 
            9, 
            9, 
            9, 
            9, 
            9
        ], 
        "n_cats": 20
    }, 
    "empirical_frequencies": false, 
    "datatype": "AA", 
    "subs_model": "JTT", 
    "program": "FastTree Version 2.1.10 SSE3, OpenMP (63 threads)", 
    "ras_model": "Price-CAT"
}