{
    "Price-CAT": {
        "Rates": [
            0.031908, 
            0.043738, 
            0.059952, 
            0.082178, 
            0.112644, 
            0.154404, 
            0.211645, 
            0.290107, 
            0.397657, 
            0.545079, 
            0.747154, 
            1.024143, 
            1.403819, 
            1.924251, 
            2.63762, 
            3.615453, 
            4.955793, 
            6.793034, 
            9.311385, 
            12.763353
        ], 
        "SiteCategories": [
            9, 
            9, 
            9, 
            9, 
            9, 
            9, 
            9, 
            9, 
            9, 
            9, 
            10, 
            10, 
            9, 
            11, 
            9, 
            11, 
            6, 
            8, 
            11, 
            10, 
            10, 
            11, 
            11, 
            10, 
            12, 
            12, 
            10, 
            10, 
            11, 
            12, 
            10, 
            11, 
            11, 
            13, 
            12, 
            12, 
            13, 
            13, 
            12, 
            12, 
            14, 
            14, 
            12, 
            12, 
            13, 
            13, 
            14, 
            15, 
            15, 
            14, 
            15, 
            15, 
            15, 
            16, 
            15, 
            15, 
            15, 
            16, 
            16, 
            15, 
            15, 
            15, 
            15, 
            15, 
            15, 
            15, 
            15, 
            14, 
            14, 
            16, 
            14, 
            6, 
            11, 
            10, 
            12, 
            10, 
            10, 
            8, 
            9, 
            10, 
            6, 
            7, 
            9, 
            7, 
            5, 
            8, 
            1, 
            6, 
            1, 
            1, 
            6, 
            7, 
            8, 
            7, 
            7, 
            6, 
            7, 
            8, 
            2, 
            12, 
            12, 
            12, 
            5, 
            10, 
            7, 
            10, 
            6, 
            6, 
            8, 
            7, 
            6, 
            5, 
            8, 
            4, 
            6, 
            9, 
            9, 
            5, 
            10, 
            12, 
            12, 
            11, 
            12, 
            13, 
            6, 
            11, 
            13, 
            12, 
            12, 
            12, 
            13, 
            12, 
            11, 
            12, 
            13, 
            9, 
            10, 
            12, 
            12, 
            9, 
            7, 
            5, 
            6, 
            3, 
            2, 
            8, 
            6, 
            5, 
            10, 
            12, 
            11, 
            11, 
            12, 
            13, 
            9, 
            5, 
            15, 
            10, 
            11, 
            11, 
            9, 
            12, 
            13, 
            8, 
            8, 
            10, 
            1, 
            4, 
            7, 
            2, 
            1, 
            7, 
            7, 
            1, 
            1, 
            9, 
            12, 
            1, 
            7, 
            10, 
            12, 
            4, 
            9, 
            13, 
            8, 
            8, 
            11, 
            13, 
            9, 
            10, 
            14, 
            11, 
            12, 
            13, 
            12, 
            10, 
            12, 
            12, 
            14, 
            12, 
            11, 
            9, 
            2, 
            6, 
            2, 
            10, 
            11, 
            13, 
            11, 
            13, 
            8, 
            10, 
            12, 
            14, 
            7, 
            4, 
            12, 
            11, 
            9, 
            7, 
            9, 
            1, 
            6, 
            10, 
            13, 
            6, 
            13, 
            13, 
            12, 
            3, 
            10, 
            10, 
            12, 
            10, 
            11, 
            10, 
            1, 
            8, 
            10, 
            9, 
            2, 
            12, 
            7, 
            4, 
            10, 
            13, 
            1, 
            3, 
            12, 
            10, 
            7, 
            11, 
            6, 
            6, 
            9, 
            10, 
            9, 
            10, 
            8, 
            1, 
            6, 
            2, 
            9, 
            10, 
            5, 
            12, 
            13, 
            10, 
            9, 
            12, 
            11, 
            7, 
            2, 
            8, 
            1, 
            1, 
            2, 
            4, 
            8, 
            7, 
            6, 
            9, 
            12, 
            9, 
            9, 
            11, 
            13, 
            11, 
            12, 
            9, 
            11, 
            8, 
            11, 
            13, 
            11, 
            10, 
            12, 
            13, 
            13, 
            16, 
            14, 
            15, 
            15, 
            15, 
            15, 
            15, 
            16, 
            12, 
            15, 
            15, 
            17, 
            15, 
            11, 
            15, 
            15, 
            14, 
            15, 
            13, 
            14, 
            15, 
            16, 
            16, 
            16, 
            16, 
            16, 
            15, 
            11, 
            16, 
            17, 
            16, 
            15, 
            16, 
            16, 
            16, 
            15, 
            13, 
            15, 
            16, 
            16, 
            14, 
            13, 
            13, 
            14, 
            12, 
            12, 
            9, 
            11, 
            9, 
            9, 
            9, 
            9, 
            9, 
            9, 
            9, 
            9, 
            9, 
            9, 
            9
        ], 
        "n_cats": 20
    }, 
    "empirical_frequencies": false, 
    "datatype": "AA", 
    "subs_model": "JTT", 
    "program": "FastTree Version 2.1.7 SSE3, OpenMP (16 threads)", 
    "ras_model": "Price-CAT"
}