{
    "Price-CAT": {
        "Rates": [
            0.04808, 
            0.065905, 
            0.090337, 
            0.123828, 
            0.169734, 
            0.232659, 
            0.318911, 
            0.43714, 
            0.599198, 
            0.821337, 
            1.125827, 
            1.5432, 
            2.115304, 
            2.899501, 
            3.974421, 
            5.44784, 
            7.467494, 
            10.235886, 
            14.030591, 
            19.23209
        ], 
        "SiteCategories": [
            1, 
            7, 
            4, 
            8, 
            11, 
            14, 
            11, 
            14, 
            10, 
            7, 
            7, 
            7, 
            10, 
            13, 
            5, 
            6, 
            12, 
            1, 
            9, 
            4, 
            6, 
            4, 
            2, 
            9, 
            3, 
            5, 
            5, 
            3, 
            5, 
            8, 
            10, 
            5, 
            9, 
            3, 
            5, 
            7, 
            11, 
            2, 
            9, 
            8, 
            11, 
            6, 
            1, 
            9, 
            12, 
            3, 
            12, 
            14, 
            11, 
            13, 
            7, 
            12, 
            11, 
            11, 
            3, 
            7, 
            11, 
            7, 
            9, 
            8, 
            12, 
            12, 
            4, 
            8, 
            8, 
            7, 
            11, 
            8, 
            13, 
            11, 
            5, 
            8, 
            7, 
            4, 
            8, 
            11, 
            13, 
            9, 
            10, 
            11, 
            10, 
            9, 
            11, 
            12, 
            14, 
            14, 
            12, 
            9, 
            8, 
            14, 
            13, 
            10, 
            11, 
            12, 
            15, 
            12, 
            9, 
            10, 
            14, 
            12, 
            12, 
            14, 
            14, 
            9, 
            12, 
            14, 
            12, 
            5, 
            5, 
            13, 
            14, 
            1, 
            12, 
            14, 
            6, 
            9, 
            7, 
            8, 
            13, 
            12, 
            15, 
            13, 
            12, 
            6, 
            12, 
            13, 
            9, 
            11, 
            11, 
            1, 
            6, 
            4, 
            9, 
            7, 
            6, 
            1, 
            11, 
            13, 
            10, 
            10
        ], 
        "n_cats": 20
    }, 
    "empirical_frequencies": false, 
    "datatype": "AA", 
    "subs_model": "JTT", 
    "program": "FastTree Version 2.1.7 SSE3, OpenMP (16 threads)", 
    "ras_model": "Price-CAT"
}