{
    "Price-CAT": {
        "Rates": [
            0.030344, 
            0.041594, 
            0.057013, 
            0.07815, 
            0.107122, 
            0.146835, 
            0.20127, 
            0.275886, 
            0.378164, 
            0.518359, 
            0.710529, 
            0.97394, 
            1.335004, 
            1.829924, 
            2.508324, 
            3.438224, 
            4.712862, 
            6.460041, 
            8.854943, 
            12.137697
        ], 
        "SiteCategories": [
            9, 
            9, 
            9, 
            9, 
            9, 
            9, 
            9, 
            9, 
            9, 
            9, 
            9, 
            9, 
            9, 
            9, 
            9, 
            9, 
            9, 
            10, 
            10, 
            10, 
            11, 
            10, 
            10, 
            10, 
            10, 
            11, 
            11, 
            10, 
            12, 
            12, 
            10, 
            11, 
            12, 
            13, 
            12, 
            13, 
            13, 
            13, 
            13, 
            13, 
            14, 
            14, 
            14, 
            14, 
            13, 
            14, 
            14, 
            15, 
            16, 
            15, 
            15, 
            15, 
            16, 
            16, 
            15, 
            16, 
            16, 
            16, 
            16, 
            15, 
            16, 
            15, 
            16, 
            16, 
            15, 
            16, 
            16, 
            14, 
            14, 
            15, 
            14, 
            5, 
            11, 
            10, 
            12, 
            10, 
            10, 
            8, 
            9, 
            10, 
            5, 
            6, 
            8, 
            7, 
            4, 
            7, 
            1, 
            5, 
            1, 
            1, 
            6, 
            7, 
            8, 
            7, 
            6, 
            5, 
            6, 
            7, 
            1, 
            11, 
            12, 
            12, 
            4, 
            9, 
            7, 
            10, 
            6, 
            6, 
            8, 
            6, 
            6, 
            4, 
            8, 
            4, 
            5, 
            9, 
            9, 
            5, 
            10, 
            12, 
            12, 
            11, 
            11, 
            13, 
            6, 
            11, 
            13, 
            11, 
            12, 
            12, 
            13, 
            12, 
            11, 
            12, 
            13, 
            9, 
            10, 
            12, 
            12, 
            8, 
            7, 
            5, 
            5, 
            2, 
            1, 
            7, 
            6, 
            5, 
            9, 
            12, 
            11, 
            11, 
            12, 
            13, 
            9, 
            5, 
            15, 
            10, 
            11, 
            11, 
            9, 
            12, 
            13, 
            8, 
            8, 
            10, 
            1, 
            3, 
            6, 
            1, 
            1, 
            7, 
            6, 
            1, 
            1, 
            9, 
            12, 
            1, 
            7, 
            10, 
            12, 
            4, 
            8, 
            13, 
            8, 
            8, 
            11, 
            13, 
            9, 
            10, 
            14, 
            11, 
            12, 
            13, 
            12, 
            10, 
            12, 
            12, 
            14, 
            12, 
            11, 
            8, 
            1, 
            5, 
            1, 
            10, 
            10, 
            13, 
            11, 
            13, 
            7, 
            9, 
            12, 
            14, 
            7, 
            4, 
            12, 
            11, 
            9, 
            7, 
            9, 
            1, 
            5, 
            10, 
            13, 
            6, 
            13, 
            13, 
            12, 
            2, 
            10, 
            9, 
            12, 
            9, 
            11, 
            9, 
            1, 
            8, 
            10, 
            9, 
            2, 
            12, 
            6, 
            3, 
            10, 
            13, 
            1, 
            2, 
            12, 
            10, 
            7, 
            12, 
            6, 
            6, 
            9, 
            10, 
            9, 
            10, 
            8, 
            1, 
            6, 
            1, 
            8, 
            9, 
            5, 
            12, 
            13, 
            10, 
            9, 
            12, 
            11, 
            7, 
            2, 
            8, 
            1, 
            1, 
            1, 
            4, 
            8, 
            6, 
            6, 
            8, 
            12, 
            9, 
            9, 
            11, 
            13, 
            11, 
            12, 
            9, 
            11, 
            8, 
            11, 
            13, 
            11, 
            9, 
            12, 
            13, 
            13, 
            16, 
            14, 
            15, 
            15, 
            15, 
            15, 
            15, 
            16, 
            12, 
            15, 
            15, 
            17, 
            16, 
            11, 
            16, 
            15, 
            14, 
            16, 
            13, 
            14, 
            15, 
            16, 
            16, 
            16, 
            16, 
            16, 
            15, 
            11, 
            16, 
            17, 
            16, 
            16, 
            17, 
            17, 
            16, 
            15, 
            14, 
            16, 
            16, 
            16, 
            15, 
            14, 
            14, 
            14, 
            13, 
            14, 
            10, 
            11, 
            8, 
            10, 
            9, 
            9, 
            9, 
            9, 
            9, 
            9, 
            9, 
            9, 
            9
        ], 
        "n_cats": 20
    }, 
    "empirical_frequencies": false, 
    "datatype": "AA", 
    "subs_model": "JTT", 
    "program": "FastTree Version 2.1.10 SSE3, OpenMP (63 threads)", 
    "ras_model": "Price-CAT"
}