{
    "Price-CAT": {
        "Rates": [
            0.044482, 
            0.060973, 
            0.083577, 
            0.114561, 
            0.157032, 
            0.215248, 
            0.295046, 
            0.404427, 
            0.554359, 
            0.759873, 
            1.041578, 
            1.427717, 
            1.957009, 
            2.682522, 
            3.677002, 
            5.040161, 
            6.908677, 
            9.469901, 
            12.980637, 
            17.792891
        ], 
        "SiteCategories": [
            1, 
            7, 
            3, 
            7, 
            11, 
            14, 
            10, 
            13, 
            9, 
            6, 
            7, 
            6, 
            9, 
            13, 
            4, 
            7, 
            11, 
            1, 
            9, 
            4, 
            6, 
            3, 
            3, 
            8, 
            2, 
            4, 
            5, 
            3, 
            3, 
            7, 
            9, 
            4, 
            8, 
            3, 
            5, 
            7, 
            11, 
            2, 
            9, 
            8, 
            10, 
            5, 
            1, 
            8, 
            12, 
            3, 
            12, 
            14, 
            11, 
            13, 
            8, 
            12, 
            11, 
            11, 
            3, 
            6, 
            11, 
            7, 
            9, 
            8, 
            12, 
            12, 
            4, 
            8, 
            8, 
            7, 
            11, 
            7, 
            13, 
            10, 
            5, 
            7, 
            7, 
            4, 
            7, 
            11, 
            12, 
            9, 
            10, 
            11, 
            10, 
            9, 
            11, 
            12, 
            14, 
            15, 
            12, 
            9, 
            7, 
            14, 
            13, 
            9, 
            10, 
            13, 
            15, 
            12, 
            9, 
            10, 
            13, 
            12, 
            12, 
            14, 
            14, 
            9, 
            13, 
            13, 
            12, 
            5, 
            5, 
            13, 
            14, 
            1, 
            12, 
            14, 
            6, 
            9, 
            7, 
            8, 
            13, 
            12, 
            15, 
            13, 
            12, 
            6, 
            12, 
            13, 
            9, 
            11, 
            11, 
            1, 
            6, 
            4, 
            9, 
            6, 
            6, 
            1, 
            11, 
            13, 
            10, 
            13, 
            13, 
            14, 
            13, 
            10, 
            12, 
            13, 
            12, 
            12, 
            13, 
            13, 
            11, 
            11, 
            14, 
            6, 
            14, 
            11, 
            7, 
            13, 
            15, 
            12, 
            13, 
            7
        ], 
        "n_cats": 20
    }, 
    "empirical_frequencies": false, 
    "datatype": "AA", 
    "subs_model": "JTT", 
    "program": "FastTree Version 2.1.7 SSE3, OpenMP (16 threads)", 
    "ras_model": "Price-CAT"
}