{
    "Price-CAT": {
        "Rates": [
            0.047168, 
            0.064654, 
            0.088623, 
            0.121478, 
            0.166513, 
            0.228244, 
            0.31286, 
            0.428845, 
            0.587829, 
            0.805752, 
            1.104465, 
            1.513919, 
            2.075167, 
            2.844484, 
            3.899008, 
            5.34447, 
            7.325801, 
            10.041664, 
            13.764366, 
            18.867168
        ], 
        "SiteCategories": [
            1, 
            8, 
            1, 
            6, 
            10, 
            12, 
            11, 
            13, 
            11, 
            7, 
            13, 
            12, 
            13, 
            12, 
            1, 
            9, 
            12, 
            12, 
            13, 
            9, 
            13, 
            12, 
            9, 
            10, 
            8, 
            9, 
            10, 
            5, 
            11, 
            12, 
            3, 
            15, 
            11, 
            1, 
            5, 
            8, 
            10, 
            13, 
            7, 
            10, 
            14, 
            8, 
            10, 
            7, 
            14, 
            7, 
            12, 
            15, 
            15, 
            12, 
            14, 
            15, 
            11, 
            12, 
            14, 
            14, 
            14, 
            12, 
            13, 
            13, 
            12, 
            9, 
            12, 
            14, 
            5, 
            12, 
            13, 
            6, 
            11, 
            10, 
            1, 
            13, 
            9, 
            4, 
            5, 
            8, 
            7, 
            4, 
            3, 
            6, 
            3, 
            1, 
            7, 
            6, 
            4, 
            3, 
            5, 
            3, 
            11, 
            7, 
            6, 
            10, 
            13, 
            14, 
            1, 
            9, 
            12, 
            9, 
            8, 
            9, 
            9, 
            6, 
            7, 
            12, 
            10, 
            15, 
            12, 
            11, 
            10, 
            14, 
            6, 
            11, 
            7, 
            11, 
            10, 
            6, 
            14, 
            13, 
            10, 
            6, 
            8, 
            12, 
            1, 
            11, 
            14, 
            7, 
            3, 
            13, 
            10, 
            11, 
            10, 
            4, 
            12, 
            10, 
            10, 
            8, 
            8, 
            9, 
            9, 
            8, 
            9, 
            3, 
            9, 
            4, 
            1, 
            9, 
            5, 
            1, 
            9, 
            1, 
            3, 
            6, 
            1, 
            9, 
            5, 
            9
        ], 
        "n_cats": 20
    }, 
    "empirical_frequencies": false, 
    "datatype": "AA", 
    "subs_model": "JTT", 
    "program": "FastTree Version 2.1.10 SSE3, OpenMP (63 threads)", 
    "ras_model": "Price-CAT"
}