{
    "Price-CAT": {
        "Rates": [
            0.047874, 
            0.065623, 
            0.08995, 
            0.123297, 
            0.169007, 
            0.231662, 
            0.317545, 
            0.435267, 
            0.596632, 
            0.817819, 
            1.121005, 
            1.536591, 
            2.106245, 
            2.887083, 
            3.957399, 
            5.424508, 
            7.435512, 
            10.192047, 
            13.9705, 
            19.149721
        ], 
        "SiteCategories": [
            1, 
            11, 
            10, 
            10, 
            12, 
            13, 
            10, 
            7, 
            10, 
            8, 
            10, 
            10, 
            10, 
            1, 
            12, 
            10, 
            10, 
            12, 
            11, 
            12, 
            12, 
            14, 
            13, 
            11, 
            11, 
            13, 
            14, 
            6, 
            11, 
            9, 
            11, 
            1, 
            13, 
            14, 
            13, 
            14, 
            14, 
            12, 
            14, 
            11, 
            1, 
            1, 
            3, 
            11, 
            14, 
            1, 
            10, 
            10, 
            6, 
            11, 
            6, 
            8, 
            12, 
            6, 
            6, 
            6, 
            9, 
            7, 
            11, 
            12, 
            9, 
            4, 
            14, 
            11, 
            6, 
            6, 
            10, 
            6, 
            13, 
            9, 
            13, 
            13, 
            13, 
            14, 
            9, 
            13, 
            6, 
            12, 
            11, 
            10, 
            6, 
            2, 
            1, 
            2, 
            4, 
            1, 
            10, 
            8, 
            10, 
            6, 
            5, 
            7, 
            12, 
            14, 
            9, 
            14, 
            6, 
            7, 
            11, 
            9, 
            11, 
            6, 
            8, 
            13, 
            7, 
            7, 
            13, 
            11, 
            13, 
            15, 
            10, 
            7, 
            12, 
            16, 
            13, 
            15, 
            10, 
            9, 
            16, 
            16, 
            11, 
            11, 
            9, 
            12, 
            14, 
            1, 
            3, 
            12, 
            11, 
            11, 
            10, 
            14, 
            13, 
            9, 
            1, 
            10, 
            2, 
            9, 
            13, 
            12, 
            5, 
            8, 
            11, 
            1, 
            12, 
            13, 
            11, 
            9, 
            11, 
            1, 
            9, 
            9, 
            13, 
            9, 
            1, 
            9, 
            3, 
            1, 
            13, 
            12, 
            9, 
            8, 
            11, 
            10, 
            7, 
            10, 
            10, 
            12, 
            14, 
            12, 
            9, 
            11, 
            12, 
            9, 
            9, 
            10, 
            1, 
            8, 
            5, 
            11, 
            4, 
            12, 
            11, 
            12, 
            14, 
            14, 
            8, 
            12, 
            2, 
            7, 
            12, 
            1, 
            11, 
            7, 
            7, 
            2, 
            13, 
            10, 
            9, 
            12, 
            7, 
            12, 
            12, 
            13, 
            6, 
            2, 
            1, 
            1, 
            7, 
            13, 
            5, 
            10, 
            13, 
            7, 
            13, 
            7, 
            2, 
            11, 
            6, 
            1, 
            4, 
            7, 
            10, 
            1, 
            1, 
            5, 
            10, 
            3, 
            1, 
            1, 
            5, 
            1, 
            1, 
            1, 
            4, 
            3, 
            11, 
            10, 
            8, 
            9, 
            8, 
            8, 
            10, 
            5, 
            10, 
            9, 
            5, 
            10, 
            1, 
            12, 
            10, 
            9, 
            8, 
            4, 
            13, 
            8, 
            2, 
            1, 
            13, 
            12, 
            11, 
            8, 
            13, 
            6, 
            12, 
            13, 
            13, 
            1, 
            11, 
            9, 
            10, 
            5, 
            12, 
            1
        ], 
        "n_cats": 20
    }, 
    "empirical_frequencies": false, 
    "datatype": "AA", 
    "subs_model": "JTT", 
    "program": "FastTree Version 2.1.7 SSE3, OpenMP (16 threads)", 
    "ras_model": "Price-CAT"
}