{
    "Price-CAT": {
        "Rates": [
            0.041525, 
            0.05692, 
            0.078021, 
            0.106945, 
            0.146593, 
            0.200939, 
            0.275432, 
            0.377541, 
            0.517506, 
            0.709358, 
            0.972335, 
            1.332805, 
            1.82691, 
            2.504192, 
            3.43256, 
            4.705098, 
            6.449399, 
            8.840356, 
            12.117702, 
            16.610044
        ], 
        "SiteCategories": [
            1, 
            11, 
            11, 
            10, 
            10, 
            8, 
            9, 
            11, 
            6, 
            7, 
            9, 
            7, 
            1, 
            7, 
            1, 
            5, 
            1, 
            1, 
            7, 
            7, 
            8, 
            6, 
            4, 
            6, 
            7, 
            8, 
            1, 
            12, 
            13, 
            12, 
            4, 
            10, 
            7, 
            11, 
            6, 
            6, 
            9, 
            6, 
            6, 
            5, 
            8, 
            4, 
            6, 
            9, 
            9, 
            5, 
            10, 
            12, 
            12, 
            11, 
            12, 
            13, 
            6, 
            11, 
            13, 
            12, 
            12, 
            12, 
            13, 
            12, 
            11, 
            12, 
            13, 
            9, 
            10, 
            12, 
            12, 
            8, 
            7, 
            5, 
            6, 
            3, 
            1, 
            8, 
            5, 
            5, 
            10, 
            13, 
            12, 
            11, 
            12, 
            13, 
            10, 
            5, 
            15, 
            10, 
            11, 
            10, 
            9, 
            12, 
            13, 
            8, 
            9, 
            11, 
            1, 
            6, 
            8, 
            1, 
            1, 
            7, 
            7, 
            1, 
            1, 
            9, 
            12, 
            1, 
            7, 
            10, 
            12, 
            5, 
            9, 
            13, 
            9, 
            8, 
            12, 
            13, 
            10, 
            11, 
            14, 
            11, 
            13, 
            13, 
            11, 
            10, 
            12, 
            13, 
            14, 
            13, 
            11, 
            9, 
            2, 
            6, 
            1, 
            11, 
            11, 
            13, 
            11, 
            14, 
            8, 
            10, 
            12, 
            14, 
            7, 
            5, 
            12, 
            11, 
            10, 
            8, 
            9, 
            1, 
            6, 
            10, 
            13, 
            6, 
            13, 
            13, 
            12, 
            3, 
            10, 
            10, 
            13, 
            10, 
            11, 
            10, 
            1, 
            8, 
            11, 
            10, 
            2, 
            12, 
            7, 
            3, 
            10, 
            13, 
            1, 
            3, 
            13, 
            10, 
            8, 
            12, 
            6, 
            7, 
            9, 
            10, 
            9, 
            10, 
            9, 
            1, 
            6, 
            1, 
            9, 
            10, 
            6, 
            12, 
            14, 
            10, 
            9, 
            13, 
            11, 
            7, 
            2, 
            9, 
            1, 
            1, 
            2, 
            4, 
            8, 
            6, 
            7, 
            9, 
            12, 
            9, 
            9, 
            11, 
            13, 
            12, 
            12, 
            9, 
            11, 
            8, 
            11, 
            13, 
            11, 
            10, 
            12, 
            13, 
            13, 
            13, 
            14, 
            15, 
            15, 
            15, 
            15, 
            15, 
            15, 
            16, 
            16, 
            16, 
            15, 
            16, 
            15, 
            16, 
            15, 
            16, 
            15, 
            15, 
            14, 
            13, 
            9, 
            9
        ], 
        "n_cats": 20
    }, 
    "empirical_frequencies": false, 
    "datatype": "AA", 
    "subs_model": "JTT", 
    "program": "FastTree Version 2.1.7 SSE3, OpenMP (16 threads)", 
    "ras_model": "Price-CAT"
}