{
    "Price-CAT": {
        "Rates": [
            0.040565, 
            0.055604, 
            0.076218, 
            0.104474, 
            0.143205, 
            0.196295, 
            0.269066, 
            0.368816, 
            0.505546, 
            0.692965, 
            0.949864, 
            1.302004, 
            1.78469, 
            2.44632, 
            3.353233, 
            4.596362, 
            6.300352, 
            8.636053, 
            11.83766, 
            16.226183
        ], 
        "SiteCategories": [
            9, 
            9, 
            9, 
            9, 
            9, 
            9, 
            9, 
            9, 
            9, 
            9, 
            9, 
            9, 
            9, 
            9, 
            9, 
            9, 
            9, 
            9, 
            8, 
            11, 
            11, 
            10, 
            11, 
            12, 
            12, 
            13, 
            13, 
            14, 
            14, 
            13, 
            14, 
            14, 
            14, 
            16, 
            15, 
            16, 
            17, 
            17, 
            10, 
            8, 
            2, 
            10, 
            10, 
            3, 
            6, 
            11, 
            10, 
            14, 
            13, 
            5, 
            16, 
            16, 
            16, 
            17, 
            17, 
            13, 
            12, 
            13, 
            11, 
            10, 
            6, 
            8, 
            14, 
            15, 
            12, 
            4, 
            6, 
            11, 
            6, 
            3, 
            5, 
            5, 
            9, 
            8, 
            3, 
            10, 
            3, 
            10, 
            5, 
            4, 
            8, 
            1, 
            1, 
            1, 
            1, 
            3, 
            10, 
            1, 
            1, 
            9, 
            6, 
            6, 
            6, 
            9, 
            5, 
            10, 
            8, 
            13, 
            15, 
            6, 
            8, 
            11, 
            9, 
            4, 
            4, 
            7, 
            6, 
            10, 
            6, 
            4, 
            7, 
            7, 
            4, 
            2, 
            1, 
            3, 
            8, 
            5, 
            10, 
            10, 
            6, 
            3, 
            5, 
            7, 
            7, 
            8, 
            1, 
            6, 
            3, 
            3, 
            4, 
            5, 
            7, 
            8, 
            10, 
            13, 
            6, 
            1, 
            12, 
            8, 
            1, 
            11, 
            12, 
            9, 
            5, 
            14, 
            14, 
            8, 
            15, 
            11, 
            14, 
            6, 
            1, 
            11, 
            1, 
            1, 
            12, 
            5, 
            13, 
            11, 
            7, 
            16, 
            16, 
            14, 
            14, 
            14, 
            14, 
            10, 
            9, 
            10, 
            9, 
            9, 
            9, 
            9, 
            9, 
            9, 
            9, 
            9, 
            9, 
            9, 
            9, 
            9, 
            9
        ], 
        "n_cats": 20
    }, 
    "empirical_frequencies": false, 
    "datatype": "AA", 
    "subs_model": "JTT", 
    "program": "FastTree Version 2.1.7 SSE3, OpenMP (16 threads)", 
    "ras_model": "Price-CAT"
}