{
    "Price-CAT": {
        "Rates": [
            0.040071, 
            0.054926, 
            0.075289, 
            0.1032, 
            0.141459, 
            0.193901, 
            0.265785, 
            0.364319, 
            0.499381, 
            0.684515, 
            0.938282, 
            1.286127, 
            1.762927, 
            2.416489, 
            3.312344, 
            4.540314, 
            6.223526, 
            8.530746, 
            11.693312, 
            16.028322
        ], 
        "SiteCategories": [
            9, 
            9, 
            9, 
            9, 
            9, 
            9, 
            9, 
            9, 
            9, 
            9, 
            9, 
            9, 
            9, 
            9, 
            9, 
            9, 
            9, 
            9, 
            8, 
            11, 
            11, 
            10, 
            11, 
            12, 
            12, 
            13, 
            13, 
            14, 
            14, 
            13, 
            14, 
            14, 
            14, 
            16, 
            15, 
            16, 
            17, 
            17, 
            10, 
            8, 
            2, 
            10, 
            10, 
            3, 
            6, 
            11, 
            10, 
            14, 
            13, 
            5, 
            17, 
            16, 
            16, 
            17, 
            17, 
            13, 
            12, 
            13, 
            11, 
            10, 
            6, 
            8, 
            14, 
            15, 
            12, 
            4, 
            6, 
            10, 
            7, 
            3, 
            5, 
            5, 
            9, 
            8, 
            3, 
            10, 
            3, 
            10, 
            5, 
            4, 
            8, 
            1, 
            1, 
            1, 
            1, 
            3, 
            10, 
            1, 
            1, 
            9, 
            5, 
            7, 
            6, 
            9, 
            5, 
            10, 
            8, 
            13, 
            15, 
            6, 
            8, 
            10, 
            9, 
            4, 
            4, 
            7, 
            6, 
            9, 
            6, 
            4, 
            7, 
            7, 
            4, 
            2, 
            1, 
            3, 
            8, 
            5, 
            10, 
            10, 
            6, 
            3, 
            5, 
            7, 
            7, 
            8, 
            1, 
            6, 
            3, 
            3, 
            4, 
            5, 
            7, 
            8, 
            10, 
            13, 
            6, 
            1, 
            12, 
            8, 
            1, 
            11, 
            12, 
            9, 
            5, 
            15, 
            14, 
            8, 
            15, 
            11, 
            14, 
            6, 
            1, 
            11, 
            1, 
            1, 
            12, 
            5, 
            13, 
            11, 
            7, 
            16, 
            16, 
            14, 
            14, 
            14, 
            14, 
            11, 
            9, 
            10, 
            9, 
            9, 
            9, 
            9, 
            9, 
            9, 
            9, 
            9, 
            9, 
            9, 
            9, 
            9, 
            9
        ], 
        "n_cats": 20
    }, 
    "empirical_frequencies": false, 
    "datatype": "AA", 
    "subs_model": "JTT", 
    "program": "FastTree Version 2.1.7 SSE3, OpenMP (16 threads)", 
    "ras_model": "Price-CAT"
}