{
    "Price-CAT": {
        "Rates": [
            0.033441, 
            0.045838, 
            0.062832, 
            0.086125, 
            0.118053, 
            0.161819, 
            0.221809, 
            0.30404, 
            0.416755, 
            0.571257, 
            0.783036, 
            1.073328, 
            1.471238, 
            2.016663, 
            2.764292, 
            3.789086, 
            5.193797, 
            7.119271, 
            9.758568, 
            13.376318
        ], 
        "SiteCategories": [
            9, 
            9, 
            9, 
            9, 
            9, 
            7, 
            9, 
            9, 
            9, 
            10, 
            10, 
            10, 
            10, 
            12, 
            12, 
            11, 
            12, 
            13, 
            14, 
            13, 
            14, 
            14, 
            14, 
            15, 
            15, 
            14, 
            15, 
            14, 
            16, 
            15, 
            17, 
            17, 
            16, 
            16, 
            16, 
            14, 
            15, 
            15, 
            15, 
            15, 
            11, 
            14, 
            15, 
            16, 
            13, 
            15, 
            14, 
            14, 
            15, 
            15, 
            14, 
            12, 
            14, 
            12, 
            12, 
            7, 
            10, 
            7, 
            7, 
            12, 
            8, 
            8, 
            3, 
            4, 
            8, 
            2, 
            5, 
            4, 
            5, 
            1, 
            1, 
            5, 
            8, 
            9, 
            8, 
            4, 
            8, 
            5, 
            8, 
            6, 
            7, 
            7, 
            1, 
            6, 
            12, 
            12, 
            3, 
            12, 
            8, 
            1, 
            12, 
            4, 
            11, 
            5, 
            2, 
            5, 
            11, 
            3, 
            4, 
            8, 
            11, 
            3, 
            4, 
            10, 
            1, 
            7, 
            11, 
            11, 
            12, 
            3, 
            9, 
            9, 
            12, 
            11, 
            13, 
            14, 
            10, 
            12, 
            13, 
            13, 
            13, 
            12, 
            6, 
            10, 
            9, 
            6, 
            13, 
            12, 
            15, 
            9, 
            14, 
            13, 
            9, 
            8, 
            8, 
            14, 
            8, 
            13, 
            11, 
            10, 
            8, 
            2, 
            12, 
            13, 
            1, 
            5, 
            1, 
            8, 
            5, 
            3, 
            4, 
            8, 
            10, 
            8, 
            2, 
            9, 
            8, 
            10, 
            8, 
            10, 
            9, 
            1, 
            12, 
            13, 
            7, 
            10, 
            7, 
            8, 
            5, 
            8, 
            12, 
            3, 
            7, 
            10, 
            4, 
            10, 
            10, 
            2, 
            9, 
            8, 
            10, 
            1, 
            7, 
            13, 
            14, 
            8, 
            6, 
            15, 
            15, 
            11, 
            12, 
            11, 
            11, 
            13, 
            14, 
            11, 
            8, 
            13, 
            11, 
            2, 
            10, 
            12, 
            13, 
            12, 
            13, 
            13, 
            11, 
            13, 
            13, 
            13, 
            13, 
            14, 
            14, 
            13, 
            14, 
            13, 
            14, 
            14, 
            15, 
            14, 
            13, 
            13, 
            11, 
            14, 
            13, 
            12, 
            12, 
            11, 
            11, 
            9, 
            9, 
            9, 
            9, 
            9
        ], 
        "n_cats": 20
    }, 
    "empirical_frequencies": false, 
    "datatype": "AA", 
    "subs_model": "JTT", 
    "program": "FastTree Version 2.1.10 SSE3, OpenMP (63 threads)", 
    "ras_model": "Price-CAT"
}