{
    "Price-CAT": {
        "Rates": [
            0.034286, 
            0.046997, 
            0.06442, 
            0.088302, 
            0.121038, 
            0.16591, 
            0.227417, 
            0.311726, 
            0.42729, 
            0.585698, 
            0.802831, 
            1.100461, 
            1.50843, 
            2.067643, 
            2.834172, 
            3.884872, 
            5.325093, 
            7.299242, 
            10.005258, 
            13.714462
        ], 
        "SiteCategories": [
            9, 
            9, 
            9, 
            9, 
            9, 
            9, 
            9, 
            9, 
            7, 
            10, 
            9, 
            11, 
            11, 
            11, 
            11, 
            11, 
            13, 
            12, 
            14, 
            13, 
            14, 
            14, 
            14, 
            14, 
            15, 
            14, 
            15, 
            14, 
            15, 
            15, 
            16, 
            16, 
            15, 
            16, 
            16, 
            14, 
            15, 
            15, 
            15, 
            15, 
            10, 
            14, 
            15, 
            16, 
            13, 
            15, 
            14, 
            14, 
            15, 
            15, 
            14, 
            12, 
            14, 
            12, 
            12, 
            7, 
            10, 
            7, 
            8, 
            12, 
            8, 
            8, 
            3, 
            5, 
            9, 
            3, 
            6, 
            4, 
            5, 
            1, 
            1, 
            5, 
            8, 
            9, 
            8, 
            3, 
            8, 
            6, 
            8, 
            7, 
            8, 
            7, 
            1, 
            7, 
            12, 
            12, 
            4, 
            12, 
            8, 
            1, 
            12, 
            4, 
            11, 
            6, 
            2, 
            5, 
            11, 
            4, 
            5, 
            8, 
            11, 
            3, 
            3, 
            10, 
            1, 
            7, 
            11, 
            11, 
            12, 
            3, 
            9, 
            9, 
            12, 
            12, 
            13, 
            14, 
            10, 
            12, 
            13, 
            13, 
            13, 
            12, 
            6, 
            10, 
            9, 
            6, 
            13, 
            12, 
            15, 
            10, 
            14, 
            12, 
            9, 
            8, 
            8, 
            14, 
            8, 
            13, 
            11, 
            10, 
            8, 
            3, 
            11, 
            13, 
            1, 
            5, 
            1, 
            9, 
            5, 
            3, 
            4, 
            9, 
            10, 
            9, 
            3, 
            9, 
            8, 
            10, 
            8, 
            10, 
            9, 
            1, 
            12, 
            13, 
            7, 
            10, 
            7, 
            8, 
            5, 
            8, 
            12, 
            3, 
            7, 
            11, 
            4, 
            10, 
            10, 
            3, 
            10, 
            8, 
            10, 
            2, 
            7, 
            13, 
            14, 
            8, 
            6, 
            15, 
            15, 
            11, 
            12, 
            11, 
            11, 
            13, 
            14, 
            11, 
            8, 
            13, 
            11, 
            2, 
            10, 
            12, 
            13, 
            12, 
            13, 
            13, 
            11, 
            13, 
            13, 
            13, 
            14, 
            14, 
            14, 
            13, 
            14, 
            13, 
            14, 
            14, 
            14, 
            13, 
            13, 
            13, 
            11, 
            14, 
            13, 
            12, 
            13, 
            10, 
            10, 
            9, 
            9, 
            9, 
            9, 
            9
        ], 
        "n_cats": 20
    }, 
    "empirical_frequencies": false, 
    "datatype": "AA", 
    "subs_model": "JTT", 
    "program": "FastTree Version 2.1.7 SSE3, OpenMP (16 threads)", 
    "ras_model": "Price-CAT"
}