{
    "Price-CAT": {
        "Rates": [
            0.048452, 
            0.066415, 
            0.091036, 
            0.124786, 
            0.171047, 
            0.234459, 
            0.321379, 
            0.440522, 
            0.603835, 
            0.827693, 
            1.134539, 
            1.555142, 
            2.131673, 
            2.921939, 
            4.005177, 
            5.489997, 
            7.52528, 
            10.315095, 
            14.139165, 
            19.380915
        ], 
        "SiteCategories": [
            1, 
            6, 
            10, 
            1, 
            9, 
            9, 
            9, 
            7, 
            13, 
            4, 
            8, 
            12, 
            11, 
            8, 
            10, 
            12, 
            10, 
            13, 
            6, 
            15, 
            9, 
            13, 
            11, 
            8, 
            12, 
            15, 
            11, 
            13, 
            9, 
            1, 
            13, 
            15, 
            10, 
            10, 
            10, 
            10, 
            15, 
            12, 
            12, 
            13, 
            9, 
            12, 
            8, 
            9, 
            8, 
            4, 
            4, 
            1, 
            9, 
            8, 
            1, 
            10, 
            8, 
            10, 
            8, 
            3, 
            13, 
            11, 
            11, 
            8, 
            11, 
            6, 
            10, 
            10, 
            11, 
            6, 
            8, 
            11, 
            7, 
            1, 
            7, 
            10, 
            8, 
            11, 
            7, 
            12, 
            6, 
            7, 
            8, 
            6, 
            7, 
            1, 
            4, 
            1, 
            8, 
            1, 
            1, 
            1, 
            12, 
            10, 
            10, 
            13, 
            10, 
            9, 
            9, 
            10, 
            9, 
            11, 
            10, 
            8, 
            10, 
            12, 
            12, 
            9, 
            4, 
            12, 
            13, 
            9, 
            9, 
            15, 
            13, 
            15, 
            15, 
            5, 
            13, 
            11, 
            4, 
            11, 
            12, 
            9, 
            6, 
            12, 
            11, 
            1, 
            8, 
            7, 
            12, 
            12, 
            10, 
            11, 
            11, 
            11, 
            14, 
            11, 
            13, 
            11, 
            6, 
            9
        ], 
        "n_cats": 20
    }, 
    "empirical_frequencies": false, 
    "datatype": "AA", 
    "subs_model": "JTT", 
    "program": "FastTree Version 2.1.7 SSE3, OpenMP (16 threads)", 
    "ras_model": "Price-CAT"
}