{
    "Price-CAT": {
        "Rates": [
            0.048889, 
            0.067013, 
            0.091856, 
            0.12591, 
            0.172588, 
            0.23657, 
            0.324273, 
            0.44449, 
            0.609273, 
            0.835146, 
            1.144756, 
            1.569147, 
            2.15087, 
            2.948252, 
            4.041245, 
            5.539438, 
            7.59305, 
            10.407988, 
            14.266496, 
            19.55545
        ], 
        "SiteCategories": [
            1, 
            6, 
            10, 
            1, 
            9, 
            9, 
            8, 
            7, 
            13, 
            4, 
            8, 
            12, 
            11, 
            8, 
            10, 
            12, 
            10, 
            13, 
            6, 
            15, 
            9, 
            13, 
            11, 
            8, 
            12, 
            15, 
            11, 
            13, 
            9, 
            1, 
            13, 
            15, 
            10, 
            10, 
            10, 
            10, 
            15, 
            12, 
            12, 
            13, 
            9, 
            11, 
            8, 
            9, 
            8, 
            4, 
            4, 
            1, 
            9, 
            8, 
            1, 
            10, 
            8, 
            10, 
            8, 
            3, 
            13, 
            11, 
            10, 
            8, 
            11, 
            6, 
            10, 
            10, 
            11, 
            6, 
            8, 
            11, 
            7, 
            1, 
            7, 
            10, 
            8, 
            11, 
            7, 
            12, 
            6, 
            7, 
            8, 
            6, 
            7, 
            1, 
            5, 
            1, 
            8, 
            1, 
            1, 
            1, 
            12, 
            10, 
            10, 
            13, 
            10, 
            9, 
            9, 
            10, 
            9, 
            11, 
            10, 
            8, 
            10, 
            12, 
            12, 
            9, 
            4, 
            12, 
            13, 
            9, 
            9, 
            15, 
            13, 
            15, 
            15, 
            5, 
            13, 
            11, 
            4, 
            11, 
            12, 
            8, 
            6, 
            12, 
            11, 
            1, 
            8, 
            7, 
            12, 
            12, 
            9, 
            11, 
            11, 
            11, 
            14, 
            11, 
            13, 
            11, 
            6, 
            9
        ], 
        "n_cats": 20
    }, 
    "empirical_frequencies": false, 
    "datatype": "AA", 
    "subs_model": "JTT", 
    "program": "FastTree Version 2.1.7 SSE3, OpenMP (16 threads)", 
    "ras_model": "Price-CAT"
}