{
    "Price-CAT": {
        "Rates": [
            0.045792, 
            0.062768, 
            0.086038, 
            0.117935, 
            0.161657, 
            0.221587, 
            0.303735, 
            0.416337, 
            0.570684, 
            0.782251, 
            1.072251, 
            1.469762, 
            2.01464, 
            2.761519, 
            3.785285, 
            5.188587, 
            7.112129, 
            9.748777, 
            13.362899, 
            18.316868
        ], 
        "SiteCategories": [
            9, 
            3, 
            12, 
            14, 
            14, 
            14, 
            11, 
            9, 
            10, 
            12, 
            15, 
            15, 
            9, 
            15, 
            15, 
            13, 
            11, 
            13, 
            14, 
            14, 
            10, 
            14, 
            14, 
            12, 
            10, 
            15, 
            11, 
            15, 
            7, 
            14, 
            7, 
            12, 
            11, 
            5, 
            13, 
            12, 
            13, 
            2, 
            10, 
            8, 
            11, 
            2, 
            8, 
            6, 
            10, 
            5, 
            11, 
            7, 
            11, 
            12, 
            4, 
            11, 
            5, 
            12, 
            11, 
            12, 
            13, 
            7, 
            13, 
            14, 
            8, 
            11, 
            13, 
            14, 
            6, 
            11, 
            6, 
            3, 
            11, 
            9, 
            12, 
            13, 
            7, 
            13, 
            6, 
            10, 
            9, 
            5, 
            8, 
            6, 
            10, 
            3, 
            6, 
            9, 
            1, 
            11, 
            11, 
            9, 
            11, 
            8, 
            3, 
            12, 
            9, 
            5, 
            1, 
            4, 
            1, 
            12, 
            14, 
            12, 
            1, 
            12, 
            11, 
            2, 
            11, 
            9, 
            7, 
            9, 
            12, 
            12, 
            11, 
            9, 
            9, 
            2, 
            2, 
            7, 
            3, 
            1, 
            1, 
            9, 
            6, 
            11, 
            11, 
            14, 
            12, 
            10, 
            5, 
            1, 
            8, 
            11, 
            1, 
            1, 
            9, 
            8, 
            11, 
            1, 
            12, 
            11, 
            4, 
            5, 
            9, 
            8, 
            3, 
            5, 
            1, 
            7, 
            11, 
            10, 
            5, 
            12, 
            10, 
            10, 
            11, 
            12, 
            9, 
            1, 
            9, 
            6, 
            9, 
            9, 
            10, 
            8, 
            3, 
            11, 
            5, 
            15, 
            12, 
            8, 
            12, 
            8, 
            10, 
            12, 
            11, 
            7, 
            7, 
            13, 
            13, 
            11, 
            10, 
            8, 
            5, 
            7, 
            12, 
            11, 
            14, 
            12, 
            9
        ], 
        "n_cats": 20
    }, 
    "empirical_frequencies": false, 
    "datatype": "AA", 
    "subs_model": "JTT", 
    "program": "FastTree Version 2.1.7 SSE3, OpenMP (16 threads)", 
    "ras_model": "Price-CAT"
}