{
    "Price-CAT": {
        "Rates": [
            0.046921, 
            0.064316, 
            0.08816, 
            0.120843, 
            0.165643, 
            0.227051, 
            0.311225, 
            0.426604, 
            0.584757, 
            0.801542, 
            1.098694, 
            1.506007, 
            2.064323, 
            2.82962, 
            3.878633, 
            5.316541, 
            7.287519, 
            9.98919, 
            13.692438, 
            18.768576
        ], 
        "SiteCategories": [
            10, 
            8, 
            8, 
            12, 
            10, 
            11, 
            13, 
            10, 
            14, 
            8, 
            6, 
            1, 
            1, 
            7, 
            1, 
            3, 
            10, 
            13, 
            11, 
            12, 
            11, 
            7, 
            9, 
            7, 
            12, 
            9, 
            9, 
            10, 
            14, 
            11, 
            11, 
            13, 
            8, 
            14, 
            12, 
            3, 
            3, 
            14, 
            10, 
            10, 
            10, 
            11, 
            9, 
            7, 
            13, 
            8, 
            13, 
            6, 
            11, 
            11, 
            13, 
            10, 
            7, 
            9, 
            7, 
            13, 
            10, 
            11, 
            12, 
            4, 
            6, 
            12, 
            6, 
            1, 
            9, 
            14, 
            12, 
            12, 
            14, 
            12, 
            2, 
            17, 
            7, 
            3, 
            9, 
            13, 
            9, 
            12, 
            1, 
            7, 
            13, 
            1, 
            4, 
            8, 
            3, 
            12, 
            11, 
            11, 
            15, 
            13, 
            14, 
            12, 
            8, 
            12, 
            4, 
            5, 
            3, 
            7, 
            5, 
            1, 
            5, 
            7, 
            7, 
            6, 
            3, 
            7, 
            5, 
            14, 
            14, 
            14, 
            13, 
            9, 
            10, 
            6, 
            12, 
            3, 
            7, 
            2, 
            9, 
            6, 
            3, 
            11
        ], 
        "n_cats": 20
    }, 
    "empirical_frequencies": false, 
    "datatype": "AA", 
    "subs_model": "JTT", 
    "program": "FastTree Version 2.1.7 SSE3, OpenMP (16 threads)", 
    "ras_model": "Price-CAT"
}